run,nx,ny,nz,pixel_A,atlas_rows,labelled_percent,microtubule,actin,cofilactin,ribosome,membrane,group,missing
00001,256,256,64,17.36,44,35.1,1,1,1,1,0,no_membrane,membrane
00002,256,256,64,16.235,44,35.1,1,1,1,1,0,no_membrane,membrane
00003,256,256,64,13.05,44,33.8,1,1,1,1,0,no_membrane,membrane
00004,256,256,64,10.489,43,32.7,1,1,1,1,0,no_membrane,membrane
00005,256,256,64,15.069,44,35.0,1,1,1,1,0,no_membrane,membrane
00006,256,256,64,15.213,44,35.3,1,1,1,1,0,no_membrane,membrane
00007,256,256,64,6.063,32,27.8,0,0,1,0,0,middle_missing,microtubule actin ribosome membrane
00008,256,256,64,1.083,44,100.0,1,1,1,1,0,overfilled,membrane
00009,256,256,64,17.401,44,35.3,1,1,1,1,0,no_membrane,membrane
00010,256,256,64,10.772,43,32.7,1,1,1,1,0,no_membrane,membrane
00011,256,256,64,3.238,21,20.4,0,0,0,0,0,middle_missing,microtubule actin cofilactin ribosome membrane
00012,256,256,64,7.287,36,30.2,1,0,1,0,0,middle_missing,actin ribosome membrane
00013,256,256,64,1.466,44,100.0,1,1,1,1,0,overfilled,membrane
00014,256,256,64,11.658,44,32.6,1,1,1,1,0,no_membrane,membrane
00015,256,256,64,1.02,44,100.0,1,1,1,1,0,overfilled,membrane
00016,512,512,64,6.951,44,20.2,1,1,1,1,0,no_membrane,membrane
00017,512,512,64,8.826,44,21.5,1,1,1,1,0,no_membrane,membrane
00018,512,512,64,4.884,41,17.7,0,1,0,1,0,middle_missing,microtubule cofilactin membrane
00019,512,512,64,6.368,44,20.5,1,1,1,1,0,no_membrane,membrane
00020,512,512,64,10.447,44,21.0,1,1,1,1,0,no_membrane,membrane
00021,512,512,64,17.506,44,17.9,1,1,1,1,0,no_membrane,membrane
00022,512,512,64,17.345,44,18.2,1,1,1,1,0,no_membrane,membrane
00023,512,512,64,15.783,44,19.1,1,1,1,1,0,no_membrane,membrane
00024,512,512,64,8.906,43,21.1,1,1,1,1,0,no_membrane,membrane
00025,512,512,64,3.563,32,14.7,0,1,0,0,0,middle_missing,microtubule cofilactin ribosome membrane
00026,512,512,64,14.081,44,20.2,1,1,1,1,0,no_membrane,membrane
00027,512,512,64,17.669,44,18.1,1,1,1,1,0,no_membrane,membrane
00028,512,512,64,5.337,41,18.9,1,1,1,1,0,no_membrane,membrane
00029,512,512,64,8.644,44,20.9,1,1,1,1,0,no_membrane,membrane
00030,512,512,64,7.536,44,20.6,1,1,1,1,0,no_membrane,membrane
00031,512,512,64,12.325,44,21.0,1,1,1,1,0,no_membrane,membrane
00032,512,512,64,17.189,44,18.5,1,1,1,1,0,no_membrane,membrane
00033,512,512,64,16.76,44,18.5,1,1,1,1,0,no_membrane,membrane
00034,512,512,64,5.488,42,19.6,1,1,1,1,0,no_membrane,membrane
00035,512,512,64,17.458,44,18.0,1,1,1,1,0,no_membrane,membrane
00036,512,512,64,17.184,44,18.5,1,1,1,1,0,no_membrane,membrane
00037,512,512,64,18.314,44,17.7,1,1,1,1,0,no_membrane,membrane
00038,512,512,64,18.656,44,17.3,1,1,1,1,0,no_membrane,membrane
00039,512,512,64,12.313,44,21.1,1,1,1,1,0,no_membrane,membrane
00040,512,512,64,18.575,44,17.5,1,1,1,1,0,no_membrane,membrane
00041,512,512,64,18.554,44,17.3,1,1,1,1,0,no_membrane,membrane
00042,512,512,64,5.216,41,18.9,1,1,1,1,0,no_membrane,membrane
00043,512,512,64,7.117,44,20.0,1,1,1,1,0,no_membrane,membrane
00044,512,512,64,17.236,44,18.1,1,1,1,1,0,no_membrane,membrane
00045,512,512,64,6.77,44,20.4,1,1,1,1,0,no_membrane,membrane
00046,512,512,64,4.892,42,18.7,1,1,1,1,0,no_membrane,membrane
00047,512,512,64,10.408,44,22.0,1,1,1,1,0,no_membrane,membrane
00048,512,512,64,17.234,44,18.0,1,1,1,1,0,no_membrane,membrane
00049,512,512,64,9.287,44,21.6,1,1,1,1,0,no_membrane,membrane
00050,512,512,64,10.953,44,21.4,1,1,1,1,0,no_membrane,membrane
00051,512,512,64,16.444,44,18.9,1,1,1,1,0,no_membrane,membrane
00052,512,512,64,14.069,44,20.3,1,1,1,1,0,no_membrane,membrane
00053,512,512,64,19.447,44,16.7,1,1,1,1,0,no_membrane,membrane
00054,512,512,64,14.072,44,20.1,1,1,1,1,0,no_membrane,membrane
00055,512,512,64,16.219,44,18.9,1,1,1,1,0,no_membrane,membrane
00056,512,512,64,5.521,42,19.2,0,1,1,1,0,middle_missing,microtubule membrane
00057,512,512,64,6.019,43,19.6,1,1,1,1,0,no_membrane,membrane
00058,512,512,64,10.072,44,21.7,1,1,1,1,0,no_membrane,membrane
00059,512,512,64,5.958,42,19.5,0,1,1,1,0,middle_missing,microtubule membrane
00060,512,512,64,7.235,44,20.5,1,1,1,1,0,no_membrane,membrane
00061,512,512,64,16.27,44,18.7,1,1,1,1,0,no_membrane,membrane
00062,512,512,64,4.476,38,18.1,0,1,0,0,0,middle_missing,microtubule cofilactin ribosome membrane
00063,512,512,64,10.087,44,21.4,1,1,1,1,0,no_membrane,membrane
00064,512,512,64,16.541,44,18.7,1,1,1,1,0,no_membrane,membrane
00065,512,512,64,19.805,44,16.5,1,1,1,1,0,no_membrane,membrane
00066,512,512,64,9.552,44,21.1,1,1,1,1,0,no_membrane,membrane
00067,512,512,64,14.964,44,19.6,1,1,1,1,0,no_membrane,membrane
00068,512,512,64,7.37,44,20.5,1,1,1,1,0,no_membrane,membrane
00069,512,512,64,19.584,44,16.6,1,1,1,1,0,no_membrane,membrane
00070,512,512,64,3.835,33,16.6,0,1,0,0,0,middle_missing,microtubule cofilactin ribosome membrane
00071,512,512,64,7.523,43,21.3,1,1,1,1,0,no_membrane,membrane
00072,512,512,64,6.958,43,20.5,1,1,1,1,0,no_membrane,membrane
00073,512,512,64,17.598,44,17.9,1,1,1,1,0,no_membrane,membrane
00074,512,512,64,15.123,44,19.5,1,1,1,1,0,no_membrane,membrane
00075,512,512,64,17.808,44,17.8,1,1,1,1,0,no_membrane,membrane
00076,512,512,64,12.497,44,21.1,1,1,1,1,0,no_membrane,membrane
00077,512,512,64,18.791,44,17.2,1,1,1,1,0,no_membrane,membrane
00078,512,512,64,13.198,44,20.6,1,1,1,1,0,no_membrane,membrane
00079,512,512,64,15.988,44,19.5,1,1,1,1,0,no_membrane,membrane
00080,512,512,64,4.599,38,16.4,0,1,1,0,0,middle_missing,microtubule ribosome membrane
00081,512,512,64,4.047,37,17.1,0,1,1,0,0,middle_missing,microtubule ribosome membrane
00082,512,512,64,8.627,44,21.6,1,1,1,1,0,no_membrane,membrane
00083,512,512,64,18.052,44,17.6,1,1,1,1,0,no_membrane,membrane
00084,512,512,64,16.319,44,19.0,1,1,1,1,0,no_membrane,membrane
00085,512,512,64,15.871,44,19.2,1,1,1,1,0,no_membrane,membrane
00086,512,512,64,11.361,44,21.4,1,1,1,1,0,no_membrane,membrane
00087,512,512,64,7.506,44,20.7,1,1,1,1,0,no_membrane,membrane
00088,512,512,64,7.997,44,20.7,1,1,1,1,0,no_membrane,membrane
00089,512,512,64,12.639,44,21.1,1,1,1,1,0,no_membrane,membrane
00090,512,512,64,4.771,41,17.1,0,1,1,1,0,middle_missing,microtubule membrane
00091,512,512,64,18.824,44,17.1,1,1,1,1,0,no_membrane,membrane
00092,512,512,64,18.205,44,17.5,1,1,1,1,0,no_membrane,membrane
00093,512,512,64,9.791,44,21.5,1,1,1,1,0,no_membrane,membrane
00094,512,512,64,9.677,44,21.5,1,1,1,1,0,no_membrane,membrane
00095,512,512,64,18.093,44,17.5,1,1,1,1,0,no_membrane,membrane
00096,512,512,64,5.029,61,22.0,0,1,0,1,1,middle_missing,microtubule cofilactin
00097,512,512,64,10.243,66,22.2,1,1,1,1,1,all5,
00098,512,512,64,5.557,43,18.6,1,1,1,1,0,no_membrane,membrane
00099,512,512,64,14.172,66,19.4,1,1,1,1,1,all5,
00100,512,512,64,5.832,43,19.2,1,1,1,1,0,no_membrane,membrane
00101,512,512,64,6.861,65,23.5,0,1,1,1,1,middle_missing,microtubule
00102,512,512,64,13.286,66,20.2,1,1,1,1,1,all5,
00103,512,512,64,17.831,44,17.7,1,1,1,1,0,no_membrane,membrane
00104,512,512,64,10.308,66,22.8,1,1,1,1,1,all5,
00105,512,512,64,14.366,66,19.0,1,1,1,1,1,all5,
00106,512,512,64,12.296,44,21.2,1,1,1,1,0,no_membrane,membrane
00107,512,512,64,4.194,55,19.7,0,0,0,0,1,middle_missing,microtubule actin cofilactin ribosome
00108,512,512,64,12.643,66,20.9,1,1,1,1,1,all5,
00109,512,512,64,8.56,64,23.6,1,1,1,1,1,all5,
00110,512,512,64,11.58,66,21.0,1,1,1,1,1,all5,
00111,512,512,64,5.03,42,18.7,0,1,1,1,0,middle_missing,microtubule membrane
00112,512,512,64,10.883,66,20.6,1,1,1,1,1,all5,
00113,512,512,64,13.996,66,19.2,1,1,1,1,1,all5,
00114,512,512,64,11.104,44,21.5,1,1,1,1,0,no_membrane,membrane
00115,512,512,64,4.651,59,21.2,0,0,1,1,1,middle_missing,microtubule actin
00116,512,512,64,4.898,55,22.6,0,0,1,1,1,middle_missing,microtubule actin
00117,512,512,64,9.262,66,21.8,1,1,1,1,1,all5,
00118,512,512,64,14.441,66,18.5,1,1,1,1,1,all5,
00119,512,512,64,18.349,44,17.6,1,1,1,1,0,no_membrane,membrane
00120,512,512,64,19.084,44,17.0,1,1,1,1,0,no_membrane,membrane
00121,512,512,64,18.756,66,15.1,1,1,1,1,1,all5,
00122,512,512,64,4.041,57,20.9,0,1,1,0,1,middle_missing,microtubule ribosome
00123,512,512,64,18.42,66,15.8,1,1,1,1,1,all5,
00124,512,512,64,4.022,57,20.0,0,0,0,1,1,middle_missing,microtubule actin cofilactin
00125,512,512,64,14.485,66,18.1,1,1,1,1,1,all5,
00126,512,512,64,5.304,63,21.6,0,1,1,1,1,middle_missing,microtubule
00127,512,512,64,6.277,43,20.3,1,1,1,1,0,no_membrane,membrane
00128,512,512,64,12.974,66,19.6,1,1,1,1,1,all5,
00129,512,512,64,5.495,61,22.4,0,0,1,1,1,middle_missing,microtubule actin
00130,512,512,64,9.268,65,22.6,1,1,1,1,1,all5,
00131,512,512,64,3.578,52,19.1,0,0,0,0,1,middle_missing,microtubule actin cofilactin ribosome
00132,512,512,64,16.685,66,16.8,1,1,1,1,1,all5,
00133,512,512,64,9.11,44,21.2,1,1,1,1,0,no_membrane,membrane
00134,512,512,64,14.375,44,19.9,1,1,1,1,0,no_membrane,membrane
00135,512,512,64,8.743,66,22.4,1,1,1,1,1,all5,
00136,512,512,64,10.337,66,21.4,1,1,1,1,1,all5,
00137,512,512,64,11.011,44,21.7,1,1,1,1,0,no_membrane,membrane
00138,512,512,64,4.165,35,16.7,0,1,0,0,0,middle_missing,microtubule cofilactin ribosome membrane
00139,512,512,64,15.703,66,17.8,1,1,1,1,1,all5,
00140,512,512,64,12.089,44,20.8,1,1,1,1,0,no_membrane,membrane
00141,512,512,64,19.509,44,16.9,1,1,1,1,0,no_membrane,membrane
00142,512,512,64,14.154,44,20.3,1,1,1,1,0,no_membrane,membrane
00143,512,512,64,10.326,44,21.3,1,1,1,1,0,no_membrane,membrane
00144,512,512,64,13.398,66,19.5,1,1,1,1,1,all5,
00145,512,512,64,18.89,66,14.8,1,1,1,1,1,all5,
00146,512,512,64,11.357,66,20.8,1,1,1,1,1,all5,
00147,512,512,64,9.957,44,21.7,1,1,1,1,0,no_membrane,membrane
00148,512,512,64,14.954,44,19.9,1,1,1,1,0,no_membrane,membrane
00149,512,512,64,13.775,66,19.0,1,1,1,1,1,all5,
00150,512,512,64,13.098,66,19.3,1,1,1,1,1,all5,
00151,512,512,64,14.189,44,20.3,1,1,1,1,0,no_membrane,membrane
00152,512,512,64,16.399,44,18.9,1,1,1,1,0,no_membrane,membrane
00153,512,512,64,7.333,66,23.6,1,1,1,1,1,all5,
00154,512,512,64,13.358,66,20.0,1,1,1,1,1,all5,
00155,512,512,64,17.115,66,16.9,1,1,1,1,1,all5,
00156,512,512,64,3.904,35,16.7,0,0,1,0,0,middle_missing,microtubule actin ribosome membrane
00157,512,512,64,14.247,44,20.7,1,1,1,1,0,no_membrane,membrane
00158,512,512,64,15.299,66,18.4,1,1,1,1,1,all5,
00159,512,512,64,10.881,66,21.7,1,1,1,1,1,all5,
00160,512,512,64,14.531,66,18.7,1,1,1,1,1,all5,
00161,512,512,64,10.037,66,21.8,1,1,1,1,1,all5,
00162,512,512,64,10.078,66,22.4,1,1,1,1,1,all5,
00163,512,512,64,17.257,66,16.7,1,1,1,1,1,all5,
00164,512,512,64,11.055,66,21.1,1,1,1,1,1,all5,
00165,512,512,64,12.059,66,20.4,1,1,1,1,1,all5,
00166,512,512,64,10.504,66,21.5,1,1,1,1,1,all5,
00167,512,512,64,4.559,37,17.8,0,1,1,0,0,middle_missing,microtubule ribosome membrane
00168,512,512,64,7.823,65,22.8,1,1,1,1,1,all5,
00169,512,512,64,8.721,65,22.9,1,1,1,1,1,all5,
00170,512,512,64,4.147,35,16.8,0,1,1,0,0,middle_missing,microtubule ribosome membrane
00171,512,512,64,10.167,66,23.7,1,1,1,1,1,all5,
00172,512,512,64,7.599,44,20.6,1,1,1,1,0,no_membrane,membrane
00173,512,512,64,13.017,66,20.1,1,1,1,1,1,all5,
00174,512,512,64,8.783,44,21.0,1,1,1,1,0,no_membrane,membrane
00175,512,512,64,10.779,65,21.5,1,1,1,1,1,all5,
00176,512,512,64,4.526,58,19.9,0,0,1,1,1,middle_missing,microtubule actin
00177,512,512,64,18.266,66,16.0,1,1,1,1,1,all5,
00178,512,512,64,11.059,44,21.1,1,1,1,1,0,no_membrane,membrane
00179,512,512,64,9.46,44,21.1,1,1,1,1,0,no_membrane,membrane
00180,512,512,64,12.253,44,21.3,1,1,1,1,0,no_membrane,membrane
00181,512,512,64,6.852,64,22.9,0,1,1,1,1,middle_missing,microtubule
00182,512,512,64,4.414,39,17.5,0,1,1,0,0,middle_missing,microtubule ribosome membrane
00183,512,512,64,13.483,66,20.1,1,1,1,1,1,all5,
00184,512,512,64,5.519,43,18.3,1,1,1,1,0,no_membrane,membrane
00185,512,512,64,8.887,65,21.8,1,1,1,1,1,all5,
00186,512,512,64,8.038,65,23.8,1,1,1,1,1,all5,
00187,512,512,64,13.917,66,19.1,1,1,1,1,1,all5,
00188,512,512,64,14.676,66,18.5,1,1,1,1,1,all5,
00189,512,512,64,12.98,44,20.8,1,1,1,1,0,no_membrane,membrane
00190,512,512,64,14.436,44,20.3,1,1,1,1,0,no_membrane,membrane
00191,512,512,64,11.489,66,20.9,1,1,1,1,1,all5,
00192,512,512,64,5.518,63,22.5,1,1,1,1,1,all5,
00193,512,512,64,7.444,65,23.2,1,1,1,1,1,all5,
00194,512,512,64,5.582,60,21.2,0,1,1,1,1,middle_missing,microtubule
00195,512,512,64,3.728,52,18.3,0,0,0,0,1,middle_missing,microtubule actin cofilactin ribosome
00196,512,512,64,9.273,65,22.0,1,1,1,1,1,all5,
00197,512,512,64,7.386,65,23.0,1,1,1,1,1,all5,
00198,512,512,64,7.949,66,22.5,1,1,1,1,1,all5,
00199,512,512,64,14.182,66,18.5,1,1,1,1,1,all5,
00200,512,512,64,17.464,44,18.1,1,1,1,1,0,no_membrane,membrane
00201,512,512,64,7.418,65,22.7,1,1,1,1,1,all5,
00202,512,512,64,9.834,44,21.6,1,1,1,1,0,no_membrane,membrane
00203,512,512,64,4.009,55,20.7,0,0,0,0,1,middle_missing,microtubule actin cofilactin ribosome
00204,512,512,64,6.906,65,22.6,1,1,1,1,1,all5,
00205,512,512,64,5.801,63,22.7,1,1,1,1,1,all5,
00206,512,512,64,5.105,61,21.4,0,1,1,1,1,middle_missing,microtubule
00207,512,512,64,19.769,66,14.6,1,1,1,1,1,all5,
00208,512,512,64,5.333,60,22.0,0,1,1,1,1,middle_missing,microtubule
00209,512,512,64,11.713,66,20.8,1,1,1,1,1,all5,
00210,512,512,64,6.457,63,23.6,0,1,1,1,1,middle_missing,microtubule
00211,512,512,64,14.151,44,19.8,1,1,1,1,0,no_membrane,membrane
00212,512,512,64,10.479,66,21.4,1,1,1,1,1,all5,
00213,512,512,64,12.898,66,19.9,1,1,1,1,1,all5,
00214,512,512,64,5.938,43,19.0,1,1,1,1,0,no_membrane,membrane
00215,512,512,64,12.804,66,20.1,1,1,1,1,1,all5,
00216,512,512,64,4.515,57,22.8,0,0,1,0,1,middle_missing,microtubule actin ribosome
00217,512,512,64,17.294,44,18.3,1,1,1,1,0,no_membrane,membrane
00218,512,512,64,19.829,66,14.6,1,1,1,1,1,all5,
00219,512,512,64,19.126,66,15.0,1,1,1,1,1,all5,
00220,512,512,64,9.37,65,22.8,1,1,1,1,1,all5,
00221,512,512,64,17.479,66,16.8,1,1,1,1,1,all5,
00222,512,512,64,6.5,64,21.8,0,1,1,1,1,middle_missing,microtubule
00223,512,512,64,14.197,44,20.1,1,1,1,1,0,no_membrane,membrane
00224,512,512,64,6.092,64,22.3,1,1,1,1,1,all5,
00225,512,512,64,6.289,43,19.5,1,1,1,1,0,no_membrane,membrane
00226,512,512,64,6.63,64,22.8,0,1,1,1,1,middle_missing,microtubule
00227,512,512,64,12.323,66,20.1,1,1,1,1,1,all5,
00228,512,512,64,9.913,66,21.6,1,1,1,1,1,all5,
00229,512,512,64,18.493,66,16.1,1,1,1,1,1,all5,
00230,512,512,64,16.229,44,19.0,1,1,1,1,0,no_membrane,membrane
00231,512,512,64,6.528,64,23.1,1,1,1,1,1,all5,
00232,512,512,64,8.472,65,23.2,1,1,1,1,1,all5,
00233,512,512,64,16.305,66,17.0,1,1,1,1,1,all5,
00234,512,512,64,19.66,44,16.5,1,1,1,1,0,no_membrane,membrane
00235,512,512,64,16.331,66,17.2,1,1,1,1,1,all5,
00236,512,512,64,11.563,44,22.0,1,1,1,1,0,no_membrane,membrane
00237,512,512,64,9.503,66,23.1,1,1,1,1,1,all5,
00238,512,512,64,8.905,66,23.1,1,1,1,1,1,all5,
00239,512,512,64,7.667,43,20.7,1,1,1,1,0,no_membrane,membrane
00240,512,512,64,4.781,62,22.3,1,1,0,1,1,middle_missing,cofilactin
00241,512,512,64,18.191,44,17.8,1,1,1,1,0,no_membrane,membrane
00242,512,512,64,8.339,65,22.1,1,1,1,1,1,all5,
00243,512,512,64,5.729,41,18.7,0,1,1,1,0,middle_missing,microtubule membrane
00244,512,512,64,18.75,66,15.7,1,1,1,1,1,all5,
00245,512,512,64,10.224,66,21.9,1,1,1,1,1,all5,
00246,512,512,64,18.106,44,17.4,1,1,1,1,0,no_membrane,membrane
00247,512,512,64,15.226,66,18.7,1,1,1,1,1,all5,
00248,512,512,64,10.672,66,21.8,1,1,1,1,1,all5,
00249,512,512,64,5.178,42,18.5,1,1,1,1,0,no_membrane,membrane
00250,512,512,64,7.289,44,20.8,1,1,1,1,0,no_membrane,membrane
00251,512,512,64,13.044,66,20.2,1,1,1,1,1,all5,
00252,512,512,64,14.375,66,18.9,1,1,1,1,1,all5,
00253,512,512,64,14.309,66,18.8,1,1,1,1,1,all5,
00254,512,512,64,3.984,58,21.6,0,0,0,1,1,middle_missing,microtubule actin cofilactin
00255,512,512,64,18.817,66,15.0,1,1,1,1,1,all5,
00256,512,512,64,7.847,66,23.1,1,1,1,1,1,all5,
00257,512,512,64,5.118,60,22.6,0,1,1,1,1,middle_missing,microtubule
00258,512,512,64,15.146,66,18.6,1,1,1,1,1,all5,
00259,512,512,64,3.667,35,14.9,0,1,0,0,0,middle_missing,microtubule cofilactin ribosome membrane
00260,512,512,64,4.236,60,20.1,0,1,1,0,1,middle_missing,microtubule ribosome
00261,512,512,64,16.798,66,16.4,1,1,1,1,1,all5,
00262,512,512,64,9.406,66,22.4,1,1,1,1,1,all5,
00263,512,512,64,12.71,66,19.9,1,1,1,1,1,all5,
00264,512,512,64,13.714,66,19.4,1,1,1,1,1,all5,
00265,512,512,64,16.561,44,18.7,1,1,1,1,0,no_membrane,membrane
00266,512,512,64,9.838,66,22.1,1,1,1,1,1,all5,
00267,512,512,64,14.501,66,19.3,1,1,1,1,1,all5,
00268,512,512,64,5.95,64,22.5,1,1,1,1,1,all5,
00269,512,512,64,16.788,66,16.2,1,1,1,1,1,all5,
00270,512,512,64,10.721,44,21.8,1,1,1,1,0,no_membrane,membrane
00271,512,512,64,3.883,38,16.3,0,1,1,0,0,middle_missing,microtubule ribosome membrane
00272,512,512,64,4.2,56,19.9,0,0,1,1,1,middle_missing,microtubule actin
00273,512,512,64,18.855,44,17.1,1,1,1,1,0,no_membrane,membrane
00274,512,512,64,7.305,43,21.1,1,1,1,1,0,no_membrane,membrane
00275,512,512,64,7.174,65,22.7,1,1,1,1,1,all5,
00276,512,512,64,8.826,65,22.5,1,1,1,1,1,all5,
00277,512,512,64,7.562,66,21.8,1,1,1,1,1,all5,
00278,512,512,64,7.367,66,22.3,1,1,1,1,1,all5,
00279,512,512,64,19.065,66,15.2,1,1,1,1,1,all5,
00280,512,512,64,7.523,44,21.0,1,1,1,1,0,no_membrane,membrane
00281,512,512,64,15.871,66,17.5,1,1,1,1,1,all5,
00282,512,512,64,19.576,44,16.3,1,1,1,1,0,no_membrane,membrane
00283,512,512,64,17.046,66,16.8,1,1,1,1,1,all5,
00284,512,512,64,9.387,65,22.8,1,1,1,1,1,all5,
00285,512,512,64,15.111,66,18.6,1,1,1,1,1,all5,
00286,512,512,64,8.961,66,23.4,1,1,1,1,1,all5,
00287,512,512,64,6.489,43,21.1,1,1,1,1,0,no_membrane,membrane
00288,512,512,64,7.272,64,22.9,1,1,1,1,1,all5,
00289,512,512,64,17.343,44,18.4,1,1,1,1,0,no_membrane,membrane
00290,512,512,64,12.541,66,21.2,1,1,1,1,1,all5,
00291,512,512,64,4.607,58,21.0,0,1,0,1,1,middle_missing,microtubule cofilactin
00292,512,512,64,7.517,44,20.6,1,1,1,1,0,no_membrane,membrane
00293,512,512,64,10.994,66,21.6,1,1,1,1,1,all5,
00294,512,512,64,8.267,44,21.2,1,1,1,1,0,no_membrane,membrane
00295,512,512,64,4.334,58,20.9,0,0,1,0,1,middle_missing,microtubule actin ribosome
00296,512,512,64,7.239,44,20.7,1,1,1,1,0,no_membrane,membrane
00297,512,512,64,10.444,66,20.9,1,1,1,1,1,all5,
00298,512,512,64,16.79,44,18.5,1,1,1,1,0,no_membrane,membrane
00299,512,512,64,9.305,66,23.6,1,1,1,1,1,all5,
00300,512,512,64,3.918,36,16.4,0,1,1,0,0,middle_missing,microtubule ribosome membrane
00301,512,512,64,18.293,44,17.6,1,1,1,1,0,no_membrane,membrane
00302,512,512,64,6.839,44,20.0,1,1,1,1,0,no_membrane,membrane
00303,512,512,64,14.973,66,18.5,1,1,1,1,1,all5,
00304,512,512,64,3.861,53,19.9,0,0,0,0,1,middle_missing,microtubule actin cofilactin ribosome
00305,512,512,64,7.406,63,24.4,0,1,1,1,1,middle_missing,microtubule
00306,512,512,64,5.044,39,18.1,0,1,1,1,0,middle_missing,microtubule membrane
00307,512,512,64,12.629,66,20.1,1,1,1,1,1,all5,
00308,512,512,64,6.751,66,23.8,1,1,1,1,1,all5,
00309,512,512,64,17.259,66,16.2,1,1,1,1,1,all5,
00310,512,512,64,6.226,64,23.4,1,1,1,1,1,all5,
00311,512,512,64,7.061,66,22.7,1,1,1,1,1,all5,
00312,512,512,64,8.512,66,22.3,1,1,1,1,1,all5,
00313,512,512,64,14.55,66,18.4,1,1,1,1,1,all5,
00314,512,512,64,11.584,66,21.0,1,1,1,1,1,all5,
00315,512,512,64,10.353,65,20.9,1,1,1,1,1,all5,
00316,512,512,64,9.386,66,22.5,1,1,1,1,1,all5,
00317,512,512,64,16.363,66,17.7,1,1,1,1,1,all5,
00318,512,512,64,14.414,66,18.3,1,1,1,1,1,all5,
00319,512,512,64,12.654,65,19.6,1,1,1,1,1,all5,
00320,512,512,64,10.244,66,22.7,1,1,1,1,1,all5,
00321,512,512,64,6.293,63,22.3,0,1,1,1,1,middle_missing,microtubule
00322,512,512,64,6.462,65,23.7,1,1,1,1,1,all5,
00323,512,512,64,15.939,66,17.8,1,1,1,1,1,all5,
00324,512,512,64,17.873,66,17.0,1,1,1,1,1,all5,
00325,512,512,64,11.886,44,21.0,1,1,1,1,0,no_membrane,membrane
00326,512,512,64,10.883,66,21.2,1,1,1,1,1,all5,
00327,512,512,64,18.654,44,17.4,1,1,1,1,0,no_membrane,membrane
00328,512,512,64,10.349,66,22.6,1,1,1,1,1,all5,
00329,512,512,64,13.445,66,19.4,1,1,1,1,1,all5,
00330,512,512,64,18.145,44,17.5,1,1,1,1,0,no_membrane,membrane
00331,512,512,64,9.438,66,22.9,1,1,1,1,1,all5,
00332,512,512,64,15.934,66,17.7,1,1,1,1,1,all5,
00333,512,512,64,4.083,36,16.4,0,1,1,0,0,middle_missing,microtubule ribosome membrane
00334,512,512,64,10.396,44,21.3,1,1,1,1,0,no_membrane,membrane
00335,512,512,64,11.58,66,20.9,1,1,1,1,1,all5,
00336,512,512,64,7.509,66,23.2,1,1,1,1,1,all5,
